namespace,path,name,view,review_state
hub,app/radar/<uuid:alert_id>/analisar/,reform-analysis,apps.hub.views.reform_analysis,inventariado; execucao pendente
hub,legal/<slug:document>/,legal,apps.platform.legal.legal_document,inventariado; execucao pendente
hub,,home,apps.hub.views.home,inventariado; execucao pendente
hub,demo/,demo-entry,apps.hub.views.demo_entry,inventariado; execucao pendente
hub,proposta/,proposal,apps.hub.views.legacy_proposal,inventariado; execucao pendente
hub,proposta/cnpj/,proposal-cnpj,apps.hub.views.proposal_cnpj,inventariado; execucao pendente
hub,comecar/,signup,apps.hub.views.signup,inventariado; execucao pendente
hub,comecar/verificar/<str:token>/,signup-verify,apps.hub.views.verify_signup,inventariado; execucao pendente
hub,ativar/<str:token>/,activate,apps.hub.views.activate_invitation,inventariado; execucao pendente
hub,entrar/,login,apps.hub.views.login_view,inventariado; execucao pendente
hub,sair/,logout,apps.hub.views.view,inventariado; execucao pendente
hub,recuperar-senha/,password-reset,django.contrib.auth.views.view,inventariado; execucao pendente
hub,recuperar-senha/enviado/,password-reset-done,django.contrib.auth.views.view,inventariado; execucao pendente
hub,recuperar-senha/<uidb64>/<token>/,password-reset-confirm,apps.hub.views.view,inventariado; execucao pendente
hub,recuperar-senha/concluida/,password-reset-complete,django.contrib.auth.views.view,inventariado; execucao pendente
hub,app/,dashboard,apps.hub.views.dashboard,inventariado; execucao pendente
hub,app/relatorios-financeiros/<uuid:export_id>/baixar/,financial-report-export-download,apps.hub.views.download_financial_report_export,inventariado; execucao pendente
hub,app/busca/,search,apps.hub.views.workspace_search,inventariado; execucao pendente
hub,app/avisos/,notifications,apps.hub.views.notifications_center,inventariado; execucao pendente
hub,app/avisos/<uuid:notification_id>/,notification-open,apps.hub.views.notification_open,inventariado; execucao pendente
hub,app/atividades/,activities,apps.hub.views.activities,inventariado; execucao pendente
hub,app/atividades/modelos/,activity-models,apps.hub.views.activity_models,inventariado; execucao pendente
hub,app/atividades/em-lote/,activity-bulk-action,apps.hub.views.activity_bulk_action,inventariado; execucao pendente
hub,app/atividades/<uuid:activity_id>/,activity-detail,apps.hub.views.activity_detail,inventariado; execucao pendente
hub,app/atividades/<uuid:activity_id>/prazo/,activity-reschedule,apps.hub.views.activity_reschedule,inventariado; execucao pendente
hub,app/atividades/<uuid:activity_id>/observacoes/,activity-note,apps.hub.views.activity_note,inventariado; execucao pendente
hub,app/atividades/<uuid:activity_id>/assumir/,activity-claim,apps.hub.views.activity_claim,inventariado; execucao pendente
hub,app/atividades/<uuid:activity_id>/evidencias/,activity-add-evidence,apps.hub.views.activity_add_evidence,inventariado; execucao pendente
hub,app/atividades/<uuid:activity_id>/impedir/,activity-block,apps.hub.views.activity_block,inventariado; execucao pendente
hub,app/atividades/<uuid:activity_id>/concluir/,activity-complete,apps.hub.views.activity_complete,inventariado; execucao pendente
hub,app/equipe/,team,apps.hub.views.team,inventariado; execucao pendente
hub,app/equipe/convites/<uuid:invitation_id>/reenviar/,collaborator-invitation-resend,apps.hub.views.resend_collaborator_invitation,inventariado; execucao pendente
hub,app/equipe/convites/<uuid:invitation_id>/revogar/,collaborator-invitation-revoke,apps.hub.views.revoke_collaborator_invitation,inventariado; execucao pendente
hub,app/equipe/<uuid:membership_id>/acessos/,collaborator-access,apps.hub.views.update_collaborator_access,inventariado; execucao pendente
hub,app/equipe/<uuid:membership_id>/remover/,collaborator-deactivate,apps.hub.views.deactivate_collaborator,inventariado; execucao pendente
hub,app/nfse/,nfse-center,apps.hub.views.nfse_center,inventariado; execucao pendente
hub,app/nfse/fila/,nfse-queue-status,apps.hub.views.nfse_queue_status,inventariado; execucao pendente
hub,app/nfse/fila/repetir/,nfse-queue-retry,apps.hub.views.nfse_queue_retry,inventariado; execucao pendente
hub,app/nfse/notas/<uuid:document_id>/acumulador/,nfse-update-accumulator,apps.hub.views.update_nfse_accumulator,inventariado; execucao pendente
hub,app/nfse/exportacoes/<uuid:export_id>/baixar/,nfse-export-download,apps.hub.views.download_nfse_export,inventariado; execucao pendente
hub,app/nfse/exportacoes/<uuid:export_id>/confirmar-importacao/,nfse-export-confirm-import,apps.hub.views.confirm_nfse_export_import,inventariado; execucao pendente
hub,app/guias/,guides,apps.hub.views.guides,inventariado; execucao pendente
hub,app/guias/dctfweb/consultar/,dctfweb-consult,apps.hub.views.dctfweb_consult,inventariado; execucao pendente
hub,app/guias/dctfweb/consultar-em-lote/,dctfweb-bulk-consult,apps.hub.views.dctfweb_bulk_consult,inventariado; execucao pendente
hub,app/guias/dctfweb/documentos/<uuid:document_id>.pdf,dctfweb-document-pdf,apps.hub.views.dctfweb_document_pdf,inventariado; execucao pendente
hub,app/guias/<uuid:guide_id>/,guide-detail,apps.hub.views.guide_detail,inventariado; execucao pendente
hub,app/guias/<uuid:guide_id>/documento.pdf,guide-pdf,apps.hub.views.guide_pdf,inventariado; execucao pendente
hub,app/guias/<uuid:guide_id>/historico/<uuid:event_id>/documento.pdf,guide-attempt-pdf,apps.hub.views.guide_attempt_pdf,inventariado; execucao pendente
hub,app/guias/<uuid:guide_id>/exemplo.pdf,demo-guide-pdf,apps.hub.views.demo_guide_pdf,inventariado; execucao pendente
hub,app/guias/<uuid:guide_id>/emitir/,issue-guide,apps.hub.views.issue_guide,inventariado; execucao pendente
hub,app/integra-contador/,integra,apps.hub.views.integra,inventariado; execucao pendente
hub,app/integra-contador/parcelamentos/,parcelamentos,apps.hub.views.parcelamentos,inventariado; execucao pendente
hub,app/integra-contador/parcelamentos/das/<uuid:operation_id>.pdf,parcelamento-das-pdf,apps.hub.views.parcelamento_das_pdf,inventariado; execucao pendente
hub,app/integra-contador/parcelamentos/demo/<uuid:company_id>/<int:agreement>/<str:competence>.pdf,demo-parcelamento-das-pdf,apps.hub.views.demo_parcelamento_das_pdf,inventariado; execucao pendente
hub,app/integra-contador/dte/,dte-center,apps.hub.views.dte_center,inventariado; execucao pendente
hub,app/integra-contador/dte/consultas/<uuid:item_id>/proxima-pagina/,dte-next-page,apps.hub.views.prepare_dte_continuation,inventariado; execucao pendente
hub,app/integra-contador/dte/mensagens/<uuid:message_id>/,dte-message-detail,apps.hub.views.dte_message_detail,inventariado; execucao pendente
hub,app/integra-contador/dte/<uuid:run_id>/decidir/,decide-dte-run,apps.hub.views.decide_dte_run,inventariado; execucao pendente
hub,app/conciliacao/,reconciliation,apps.hub.views.reconciliation,inventariado; execucao pendente
hub,app/conciliacao/configuracao/,reconciliation-configuration,apps.hub.views.reconciliation_configuration,inventariado; execucao pendente
hub,app/conciliacao/auditoria/,reconciliation-audit,apps.hub.views.reconciliation_audit,inventariado; execucao pendente
hub,app/conciliacao/importar/,reconciliation-upload,apps.hub.views.reconciliation_upload,inventariado; execucao pendente
hub,app/conciliacao/processamentos/<uuid:run_id>/,reconciliation-run-status,apps.hub.views.reconciliation_run_status,inventariado; execucao pendente
hub,app/conciliacao/processamentos/<uuid:run_id>/acao/,reconciliation-run-action,apps.hub.views.reconciliation_run_action,inventariado; execucao pendente
hub,app/conciliacao/arquivos/<uuid:source_id>/mapear/,reconciliation-mapping,apps.hub.views.reconciliation_mapping,inventariado; execucao pendente
hub,app/conciliacao/arquivos/<uuid:source_id>/download/,reconciliation-source-download,apps.hub.views.reconciliation_source_download,inventariado; execucao pendente
hub,app/conciliacao/arquivos/<uuid:source_id>/visualizar/,reconciliation-source-preview,apps.hub.views.reconciliation_source_preview,inventariado; execucao pendente
hub,app/conciliacao/movimentos/<uuid:movement_id>/,reconciliation-movement,apps.hub.views.reconciliation_movement_detail,inventariado; execucao pendente
hub,app/conciliacao/movimentos/acoes-em-lote/,reconciliation-movement-bulk-action,apps.hub.views.reconciliation_movement_bulk_action,inventariado; execucao pendente
hub,app/conciliacao/exportar/,reconciliation-export-create,apps.hub.views.reconciliation_export_create,inventariado; execucao pendente
hub,app/conciliacao/exportacoes/<uuid:export_id>/download/,reconciliation-export-download,apps.hub.views.reconciliation_export_download,inventariado; execucao pendente
hub,app/conciliacao/exportacoes/<uuid:export_id>/confirmar-importacao/,reconciliation-export-confirm,apps.hub.views.reconciliation_export_confirm,inventariado; execucao pendente
hub,app/conciliacao/<uuid:match_id>/confirmar/,confirm-reconciliation,apps.hub.views.confirm_reconciliation,inventariado; execucao pendente
hub,app/radar-reforma/,reform,apps.hub.views.reform,inventariado; execucao pendente
hub,app/triagem/,triage,apps.hub.views.triage,inventariado; execucao pendente
hub,app/triagem/caixas/,triage-connections,apps.hub.views.triage_connections,inventariado; execucao pendente
hub,app/triagem/conectar-imap/,triage-imap-connect,apps.hub.views.triage_imap_connect,inventariado; execucao pendente
hub,app/triagem/destino/,triage-destination-configure,apps.hub.views.triage_destination_configure,inventariado; execucao pendente
hub,app/triagem/aplicativo/<str:provider>/,triage-oauth-app-save,apps.hub.views.triage_oauth_app_save,inventariado; execucao pendente
hub,app/triagem/conectar/<slug:provider>/,triage-oauth-start,apps.hub.views.triage_oauth_start,inventariado; execucao pendente
hub,app/triagem/oauth/<slug:provider>/retorno/,triage-oauth-callback,apps.hub.views.triage_oauth_callback,inventariado; execucao pendente
hub,app/triagem/caixas/<uuid:mailbox_id>/configurar/,triage-mailbox-configure,apps.hub.views.triage_mailbox_configure,inventariado; execucao pendente
hub,app/triagem/caixas/<uuid:mailbox_id>/desconectar/,triage-mailbox-disconnect,apps.hub.views.triage_mailbox_disconnect,inventariado; execucao pendente
hub,app/triagem/<uuid:item_id>/,triage-item,apps.hub.views.triage_item_detail,inventariado; execucao pendente
hub,app/triagem/<uuid:item_id>/arquivo/,triage-download,apps.hub.views.triage_download,inventariado; execucao pendente
hub,app/triagem/<uuid:item_id>/previa/,triage-preview,apps.hub.views.triage_preview,inventariado; execucao pendente
hub,app/trocar-escritorio/,switch-office,apps.hub.views.switch_office,inventariado; execucao pendente
hub,app/aparencia/,set-theme,apps.hub.views.set_theme,inventariado; execucao pendente
hub,app/orientacao/<slug:tour_id>/concluir/,onboarding-complete,apps.hub.views.onboarding_complete,inventariado; execucao pendente
hub,app/empresas/,companies,apps.hub.views.companies,inventariado; execucao pendente
hub,app/empresas/<uuid:company_id>/,company-detail,apps.hub.views.company_detail,inventariado; execucao pendente
hub,app/empresas/<uuid:company_id>/relatorios/<slug:resource>/<uuid:resource_id>/<slug:export_format>/,company-financial-report,apps.hub.views.company_financial_report,inventariado; execucao pendente
hub,app/certificados/,certificates,apps.hub.views.certificates,inventariado; execucao pendente
hub,app/revisoes/,reviews,apps.hub.views.reviews,inventariado; execucao pendente
hub,app/revisoes/<uuid:case_id>/,review-detail,apps.hub.views.review_detail,inventariado; execucao pendente
hub,app/revisoes/<uuid:case_id>/original.xml,review-original-xml,apps.hub.views.review_original_xml,inventariado; execucao pendente
hub,app/revisoes/<uuid:case_id>/dominio.xml,review-dominio-xml,apps.hub.views.review_dominio_xml,inventariado; execucao pendente
hub,app/revisoes/<uuid:case_id>/resolver/,resolve-review,apps.hub.views.resolve_review,inventariado; execucao pendente
hub,app/configuracoes/,settings,apps.hub.views.settings_view,inventariado; execucao pendente
hub,app/configuracao/mapa-dre/,dre-mapping-editor,apps.hub.views.dre_mapping_editor,inventariado; execucao pendente
hub,app/configuracao/,setup,apps.hub.views.setup_center,inventariado; execucao pendente
hub,app/configuracoes/dominio/parear/,dominio-agent-enrollment,apps.hub.views.issue_dominio_agent_enrollment,inventariado; execucao pendente
intelligence,app/ia/,assistant,apps.intelligence.views.assistant,inventariado; execucao pendente
intelligence,app/ia/relatorios/<uuid:message_id>/<str:export_format>/,export,apps.intelligence.views.export_answer,inventariado; execucao pendente
intelligence,app/ia/feedback/<uuid:message_id>/,feedback,apps.intelligence.views.submit_feedback,inventariado; execucao pendente
intelligence,app/ia/aprendizado/,learning,apps.intelligence.views.learning_center,inventariado; execucao pendente
intelligence,app/ia/aprendizado/<uuid:candidate_id>/<str:decision>/,review,apps.intelligence.views.review_candidate,inventariado; execucao pendente
profitability,app/rentabilidade/,overview,apps.profitability.views.overview,inventariado; execucao pendente
profitability,app/rentabilidade/clientes/<uuid:company_id>/,client-detail,apps.profitability.views.client_detail,inventariado; execucao pendente
profitability,app/rentabilidade/colaboradores/,collaborators,apps.profitability.views.collaborators,inventariado; execucao pendente
profitability,app/rentabilidade/colaboradores/<uuid:collaborator_id>/,collaborator-detail,apps.profitability.views.collaborator_detail,inventariado; execucao pendente
profitability,app/rentabilidade/horas/,hours,apps.profitability.views.hours,inventariado; execucao pendente
profitability,app/rentabilidade/analises/,analyses,apps.profitability.views.analyses,inventariado; execucao pendente
profitability,app/rentabilidade/configuracao/,settings,apps.profitability.views.settings_view,inventariado; execucao pendente
accounts,mfa/configurar/,mfa-setup,apps.accounts.views.setup,inventariado; execucao pendente
accounts,mfa/entrar/,mfa-verify,apps.accounts.views.verify,inventariado; execucao pendente
accounts,mfa/qr.svg,mfa-qr,apps.accounts.views.enrollment_qr,inventariado; execucao pendente
platform,platform/configuracoes/,configuration,apps.platform.configuration.configuration,inventariado; execucao pendente
platform,platform/agenda-tributaria/,fiscal-calendar,apps.platform.fiscal_calendar_views.fiscal_calendar_review,inventariado; execucao pendente
platform,platform/,dashboard,apps.platform.views.dashboard,inventariado; execucao pendente
platform,platform/tenants/,tenants,apps.platform.views.tenants,inventariado; execucao pendente
platform,platform/tenants/<uuid:organization_id>/,tenant-detail,apps.platform.views.tenant_detail,inventariado; execucao pendente
platform,platform/tenants/<uuid:organization_id>/support/,start-support,apps.platform.views.start_support,inventariado; execucao pendente
platform,platform/support/encerrar/,end-support,apps.platform.views.end_support,inventariado; execucao pendente
platform,platform/webhooks/asaas/,asaas-webhook,apps.platform.webhooks.asaas,inventariado; execucao pendente
,api/v1/health/live/,health-live,apps.common.views.view,inventariado; execucao pendente
,api/v1/health/ready/,health-ready,apps.common.views.view,inventariado; execucao pendente
,api/v1/intelligence/mcp/,intelligence-mcp,apps.intelligence.api.mcp_endpoint,inventariado; execucao pendente
,api/v1/intelligence/agent/enroll/,intelligence-agent-enroll,apps.intelligence.agent_api.enroll,inventariado; execucao pendente
,api/v1/intelligence/agent/sync/,intelligence-agent-sync,apps.intelligence.agent_api.sync,inventariado; execucao pendente
,api/v1/auth/me/,auth-me,apps.accounts.api.view,inventariado; execucao pendente
,api/v1/auth/csrf/,auth-csrf,apps.accounts.api.view,inventariado; execucao pendente
,api/v1/auth/login/,auth-login,apps.accounts.api.view,inventariado; execucao pendente
,api/v1/auth/logout/,auth-logout,apps.accounts.api.view,inventariado; execucao pendente
,api/v1/companies/,company-list,apps.hub.api.ClientCompanyViewSet,inventariado; execucao pendente
,api/v1/companies<drf_format_suffix:format>,company-list,apps.hub.api.ClientCompanyViewSet,inventariado; execucao pendente
,api/v1/companies/<uuid:pk>/,company-detail,apps.hub.api.ClientCompanyViewSet,inventariado; execucao pendente
,api/v1/companies/<uuid:pk><drf_format_suffix:format>,company-detail,apps.hub.api.ClientCompanyViewSet,inventariado; execucao pendente
,api/v1/organizations/,organization-list,apps.organizations.api.OrganizationViewSet,inventariado; execucao pendente
,api/v1/organizations<drf_format_suffix:format>,organization-list,apps.organizations.api.OrganizationViewSet,inventariado; execucao pendente
,api/v1/organizations/<uuid:pk>/,organization-detail,apps.organizations.api.OrganizationViewSet,inventariado; execucao pendente
,api/v1/organizations/<uuid:pk><drf_format_suffix:format>,organization-detail,apps.organizations.api.OrganizationViewSet,inventariado; execucao pendente
,api/v1/privacy/purposes/,privacy-purpose-list,apps.privacy.api.ProcessingPurposeViewSet,inventariado; execucao pendente
,api/v1/privacy/purposes<drf_format_suffix:format>,privacy-purpose-list,apps.privacy.api.ProcessingPurposeViewSet,inventariado; execucao pendente
,api/v1/privacy/purposes/<uuid:pk>/,privacy-purpose-detail,apps.privacy.api.ProcessingPurposeViewSet,inventariado; execucao pendente
,api/v1/privacy/purposes/<uuid:pk><drf_format_suffix:format>,privacy-purpose-detail,apps.privacy.api.ProcessingPurposeViewSet,inventariado; execucao pendente
,api/v1/privacy/consents/,privacy-consent-list,apps.privacy.api.ConsentViewSet,inventariado; execucao pendente
,api/v1/privacy/consents<drf_format_suffix:format>,privacy-consent-list,apps.privacy.api.ConsentViewSet,inventariado; execucao pendente
,api/v1/privacy/consents/<uuid:pk>/,privacy-consent-detail,apps.privacy.api.ConsentViewSet,inventariado; execucao pendente
,api/v1/privacy/consents/<uuid:pk><drf_format_suffix:format>,privacy-consent-detail,apps.privacy.api.ConsentViewSet,inventariado; execucao pendente
,api/v1/privacy/requests/,privacy-request-list,apps.privacy.api.DataSubjectRequestViewSet,inventariado; execucao pendente
,api/v1/privacy/requests<drf_format_suffix:format>,privacy-request-list,apps.privacy.api.DataSubjectRequestViewSet,inventariado; execucao pendente
,api/v1/privacy/requests/<uuid:pk>/,privacy-request-detail,apps.privacy.api.DataSubjectRequestViewSet,inventariado; execucao pendente
,api/v1/privacy/requests/<uuid:pk><drf_format_suffix:format>,privacy-request-detail,apps.privacy.api.DataSubjectRequestViewSet,inventariado; execucao pendente
,api/v1/,api-root,rest_framework.routers.view,inventariado; execucao pendente
,api/v1/<drf_format_suffix:format>,api-root,rest_framework.routers.view,inventariado; execucao pendente
,api/agent/v2/enroll,agent-v2-enroll,apps.intelligence.agent_v2.enroll,inventariado; execucao pendente
,api/agent/v2/heartbeat,agent-v2-heartbeat,apps.intelligence.agent_v2.heartbeat,inventariado; execucao pendente
,api/agent/v2/configuration/next,agent-v2-configuration-next,apps.intelligence.agent_v2.next_configuration,inventariado; execucao pendente
,api/agent/v2/backups/next,agent-v2-backup-next,apps.intelligence.agent_v2.next_backup,inventariado; execucao pendente
,api/agent/v2/files/next,agent-v2-file-next,apps.intelligence.agent_v2.next_file_job,inventariado; execucao pendente
,api/agent/v2/files/<uuid:job_id>/download,agent-v2-file-download,apps.intelligence.agent_v2.download_file_job,inventariado; execucao pendente
,api/agent/v2/files/<uuid:job_id>/complete,agent-v2-file-complete,apps.intelligence.agent_v2.complete_file_job,inventariado; execucao pendente
,api/agent/v2/backups/<uuid:batch_id>/download,agent-v2-backup-download,apps.intelligence.agent_v2.download_backup,inventariado; execucao pendente
,api/agent/v2/dominio/companies,agent-v2-dominio-companies,apps.intelligence.agent_v2.sync_local_companies,inventariado; execucao pendente
,api/agent/v2/dominio/bank-entries,agent-v2-dominio-bank-entries,apps.intelligence.agent_v2.sync_local_bank_entries,inventariado; execucao pendente
,api/agent/v2/sync/<str:capability>,agent-v2-sync,apps.intelligence.agent_v2.sync_capability,inventariado; execucao pendente
,api/agent/v2/certificate/renew,agent-v2-renew,apps.intelligence.agent_v2.renew_certificate,inventariado; execucao pendente
,api/agent/v2/profitability/datasets,agent-v2-profitability-datasets,apps.profitability.agent_api.datasets,inventariado; execucao pendente
,api/agent/v2/profitability/runs,agent-v2-profitability-run-open,apps.profitability.agent_api.open_run,inventariado; execucao pendente
,api/agent/v2/profitability/runs/<uuid:run_id>/batches,agent-v2-profitability-run-batch,apps.profitability.agent_api.append_batch,inventariado; execucao pendente
,api/agent/v2/profitability/runs/<uuid:run_id>/complete,agent-v2-profitability-run-complete,apps.profitability.agent_api.complete_run,inventariado; execucao pendente
,api/agent/v2/profitability/runs/<uuid:run_id>/failure,agent-v2-profitability-run-failure,apps.profitability.agent_api.fail_run,inventariado; execucao pendente
,api/schema/,api-schema,drf_spectacular.views.view,inventariado; execucao pendente
,api/docs/,api-docs,drf_spectacular.views.view,inventariado; execucao pendente
admin,admin/,index,django.contrib.admin.sites.index,inventariado; execucao pendente
admin,admin/login/,login,django.contrib.admin.sites.login,inventariado; execucao pendente
admin,admin/logout/,logout,django.contrib.admin.sites.logout,inventariado; execucao pendente
admin,admin/password_change/,password_change,django.contrib.admin.sites.password_change,inventariado; execucao pendente
admin,admin/password_change/done/,password_change_done,django.contrib.admin.sites.password_change_done,inventariado; execucao pendente
admin,admin/autocomplete/,autocomplete,django.contrib.admin.sites.autocomplete_view,inventariado; execucao pendente
admin,admin/jsi18n/,jsi18n,django.contrib.admin.sites.i18n_javascript,inventariado; execucao pendente
admin,admin/r/<path:content_type_id>/<path:object_id>/,view_on_site,django.contrib.contenttypes.views.shortcut,inventariado; execucao pendente
admin,admin/auth/group/,auth_group_changelist,django.contrib.admin.options.changelist_view,inventariado; execucao pendente
admin,admin/auth/group/add/,auth_group_add,django.contrib.admin.options.add_view,inventariado; execucao pendente
admin,admin/auth/group/<path:object_id>/history/,auth_group_history,django.contrib.admin.options.history_view,inventariado; execucao pendente
admin,admin/auth/group/<path:object_id>/delete/,auth_group_delete,django.contrib.admin.options.delete_view,inventariado; execucao pendente
admin,admin/auth/group/<path:object_id>/change/,auth_group_change,django.contrib.admin.options.change_view,inventariado; execucao pendente
admin,admin/auth/group/<path:object_id>/,,django.views.generic.base.view,inventariado; execucao pendente
admin,admin/axes/accessattempt/,axes_accessattempt_changelist,django.contrib.admin.options.changelist_view,inventariado; execucao pendente
admin,admin/axes/accessattempt/add/,axes_accessattempt_add,django.contrib.admin.options.add_view,inventariado; execucao pendente
admin,admin/axes/accessattempt/<path:object_id>/history/,axes_accessattempt_history,django.contrib.admin.options.history_view,inventariado; execucao pendente
admin,admin/axes/accessattempt/<path:object_id>/delete/,axes_accessattempt_delete,django.contrib.admin.options.delete_view,inventariado; execucao pendente
admin,admin/axes/accessattempt/<path:object_id>/change/,axes_accessattempt_change,django.contrib.admin.options.change_view,inventariado; execucao pendente
admin,admin/axes/accessattempt/<path:object_id>/,,django.views.generic.base.view,inventariado; execucao pendente
admin,admin/axes/accesslog/,axes_accesslog_changelist,django.contrib.admin.options.changelist_view,inventariado; execucao pendente
admin,admin/axes/accesslog/add/,axes_accesslog_add,django.contrib.admin.options.add_view,inventariado; execucao pendente
admin,admin/axes/accesslog/<path:object_id>/history/,axes_accesslog_history,django.contrib.admin.options.history_view,inventariado; execucao pendente
admin,admin/axes/accesslog/<path:object_id>/delete/,axes_accesslog_delete,django.contrib.admin.options.delete_view,inventariado; execucao pendente
admin,admin/axes/accesslog/<path:object_id>/change/,axes_accesslog_change,django.contrib.admin.options.change_view,inventariado; execucao pendente
admin,admin/axes/accesslog/<path:object_id>/,,django.views.generic.base.view,inventariado; execucao pendente
admin,admin/axes/accessfailurelog/,axes_accessfailurelog_changelist,django.contrib.admin.options.changelist_view,inventariado; execucao pendente
admin,admin/axes/accessfailurelog/add/,axes_accessfailurelog_add,django.contrib.admin.options.add_view,inventariado; execucao pendente
admin,admin/axes/accessfailurelog/<path:object_id>/history/,axes_accessfailurelog_history,django.contrib.admin.options.history_view,inventariado; execucao pendente
admin,admin/axes/accessfailurelog/<path:object_id>/delete/,axes_accessfailurelog_delete,django.contrib.admin.options.delete_view,inventariado; execucao pendente
admin,admin/axes/accessfailurelog/<path:object_id>/change/,axes_accessfailurelog_change,django.contrib.admin.options.change_view,inventariado; execucao pendente
admin,admin/axes/accessfailurelog/<path:object_id>/,,django.views.generic.base.view,inventariado; execucao pendente
admin,admin/accounts/user/<id>/password/,auth_user_password_change,django.contrib.auth.admin.user_change_password,inventariado; execucao pendente
admin,admin/accounts/user/,accounts_user_changelist,django.contrib.admin.options.changelist_view,inventariado; execucao pendente
admin,admin/accounts/user/add/,accounts_user_add,django.contrib.auth.admin.add_view,inventariado; execucao pendente
admin,admin/accounts/user/<path:object_id>/history/,accounts_user_history,django.contrib.admin.options.history_view,inventariado; execucao pendente
admin,admin/accounts/user/<path:object_id>/delete/,accounts_user_delete,django.contrib.admin.options.delete_view,inventariado; execucao pendente
admin,admin/accounts/user/<path:object_id>/change/,accounts_user_change,django.contrib.admin.options.change_view,inventariado; execucao pendente
admin,admin/accounts/user/<path:object_id>/,,django.views.generic.base.view,inventariado; execucao pendente
admin,admin/organizations/organization/,organizations_organization_changelist,django.contrib.admin.options.changelist_view,inventariado; execucao pendente
admin,admin/organizations/organization/add/,organizations_organization_add,django.contrib.admin.options.add_view,inventariado; execucao pendente
admin,admin/organizations/organization/<path:object_id>/history/,organizations_organization_history,django.contrib.admin.options.history_view,inventariado; execucao pendente
admin,admin/organizations/organization/<path:object_id>/delete/,organizations_organization_delete,django.contrib.admin.options.delete_view,inventariado; execucao pendente
admin,admin/organizations/organization/<path:object_id>/change/,organizations_organization_change,django.contrib.admin.options.change_view,inventariado; execucao pendente
admin,admin/organizations/organization/<path:object_id>/,,django.views.generic.base.view,inventariado; execucao pendente
admin,admin/organizations/membership/,organizations_membership_changelist,django.contrib.admin.options.changelist_view,inventariado; execucao pendente
admin,admin/organizations/membership/add/,organizations_membership_add,django.contrib.admin.options.add_view,inventariado; execucao pendente
admin,admin/organizations/membership/<path:object_id>/history/,organizations_membership_history,django.contrib.admin.options.history_view,inventariado; execucao pendente
admin,admin/organizations/membership/<path:object_id>/delete/,organizations_membership_delete,django.contrib.admin.options.delete_view,inventariado; execucao pendente
admin,admin/organizations/membership/<path:object_id>/change/,organizations_membership_change,django.contrib.admin.options.change_view,inventariado; execucao pendente
admin,admin/organizations/membership/<path:object_id>/,,django.views.generic.base.view,inventariado; execucao pendente
admin,admin/audit/auditevent/,audit_auditevent_changelist,django.contrib.admin.options.changelist_view,inventariado; execucao pendente
admin,admin/audit/auditevent/add/,audit_auditevent_add,django.contrib.admin.options.add_view,inventariado; execucao pendente
admin,admin/audit/auditevent/<path:object_id>/history/,audit_auditevent_history,django.contrib.admin.options.history_view,inventariado; execucao pendente
admin,admin/audit/auditevent/<path:object_id>/delete/,audit_auditevent_delete,django.contrib.admin.options.delete_view,inventariado; execucao pendente
admin,admin/audit/auditevent/<path:object_id>/change/,audit_auditevent_change,django.contrib.admin.options.change_view,inventariado; execucao pendente
admin,admin/audit/auditevent/<path:object_id>/,,django.views.generic.base.view,inventariado; execucao pendente
admin,admin/privacy/processingpurpose/,privacy_processingpurpose_changelist,django.contrib.admin.options.changelist_view,inventariado; execucao pendente
admin,admin/privacy/processingpurpose/add/,privacy_processingpurpose_add,django.contrib.admin.options.add_view,inventariado; execucao pendente
admin,admin/privacy/processingpurpose/<path:object_id>/history/,privacy_processingpurpose_history,django.contrib.admin.options.history_view,inventariado; execucao pendente
admin,admin/privacy/processingpurpose/<path:object_id>/delete/,privacy_processingpurpose_delete,django.contrib.admin.options.delete_view,inventariado; execucao pendente
admin,admin/privacy/processingpurpose/<path:object_id>/change/,privacy_processingpurpose_change,django.contrib.admin.options.change_view,inventariado; execucao pendente
admin,admin/privacy/processingpurpose/<path:object_id>/,,django.views.generic.base.view,inventariado; execucao pendente
admin,admin/privacy/privacynotice/,privacy_privacynotice_changelist,django.contrib.admin.options.changelist_view,inventariado; execucao pendente
admin,admin/privacy/privacynotice/add/,privacy_privacynotice_add,django.contrib.admin.options.add_view,inventariado; execucao pendente
admin,admin/privacy/privacynotice/<path:object_id>/history/,privacy_privacynotice_history,django.contrib.admin.options.history_view,inventariado; execucao pendente
admin,admin/privacy/privacynotice/<path:object_id>/delete/,privacy_privacynotice_delete,django.contrib.admin.options.delete_view,inventariado; execucao pendente
admin,admin/privacy/privacynotice/<path:object_id>/change/,privacy_privacynotice_change,django.contrib.admin.options.change_view,inventariado; execucao pendente
admin,admin/privacy/privacynotice/<path:object_id>/,,django.views.generic.base.view,inventariado; execucao pendente
admin,admin/privacy/consentrecord/,privacy_consentrecord_changelist,django.contrib.admin.options.changelist_view,inventariado; execucao pendente
admin,admin/privacy/consentrecord/add/,privacy_consentrecord_add,django.contrib.admin.options.add_view,inventariado; execucao pendente
admin,admin/privacy/consentrecord/<path:object_id>/history/,privacy_consentrecord_history,django.contrib.admin.options.history_view,inventariado; execucao pendente
admin,admin/privacy/consentrecord/<path:object_id>/delete/,privacy_consentrecord_delete,django.contrib.admin.options.delete_view,inventariado; execucao pendente
admin,admin/privacy/consentrecord/<path:object_id>/change/,privacy_consentrecord_change,django.contrib.admin.options.change_view,inventariado; execucao pendente
admin,admin/privacy/consentrecord/<path:object_id>/,,django.views.generic.base.view,inventariado; execucao pendente
admin,admin/privacy/datasubjectrequest/,privacy_datasubjectrequest_changelist,django.contrib.admin.options.changelist_view,inventariado; execucao pendente
admin,admin/privacy/datasubjectrequest/add/,privacy_datasubjectrequest_add,django.contrib.admin.options.add_view,inventariado; execucao pendente
admin,admin/privacy/datasubjectrequest/<path:object_id>/history/,privacy_datasubjectrequest_history,django.contrib.admin.options.history_view,inventariado; execucao pendente
admin,admin/privacy/datasubjectrequest/<path:object_id>/delete/,privacy_datasubjectrequest_delete,django.contrib.admin.options.delete_view,inventariado; execucao pendente
admin,admin/privacy/datasubjectrequest/<path:object_id>/change/,privacy_datasubjectrequest_change,django.contrib.admin.options.change_view,inventariado; execucao pendente
admin,admin/privacy/datasubjectrequest/<path:object_id>/,,django.views.generic.base.view,inventariado; execucao pendente
admin,admin/privacy/personaldataincident/,privacy_personaldataincident_changelist,django.contrib.admin.options.changelist_view,inventariado; execucao pendente
admin,admin/privacy/personaldataincident/add/,privacy_personaldataincident_add,django.contrib.admin.options.add_view,inventariado; execucao pendente
admin,admin/privacy/personaldataincident/<path:object_id>/history/,privacy_personaldataincident_history,django.contrib.admin.options.history_view,inventariado; execucao pendente
admin,admin/privacy/personaldataincident/<path:object_id>/delete/,privacy_personaldataincident_delete,django.contrib.admin.options.delete_view,inventariado; execucao pendente
admin,admin/privacy/personaldataincident/<path:object_id>/change/,privacy_personaldataincident_change,django.contrib.admin.options.change_view,inventariado; execucao pendente
admin,admin/privacy/personaldataincident/<path:object_id>/,,django.views.generic.base.view,inventariado; execucao pendente
admin,admin/hub/officeprofile/,hub_officeprofile_changelist,django.contrib.admin.options.changelist_view,inventariado; execucao pendente
admin,admin/hub/officeprofile/add/,hub_officeprofile_add,django.contrib.admin.options.add_view,inventariado; execucao pendente
admin,admin/hub/officeprofile/<path:object_id>/history/,hub_officeprofile_history,django.contrib.admin.options.history_view,inventariado; execucao pendente
admin,admin/hub/officeprofile/<path:object_id>/delete/,hub_officeprofile_delete,django.contrib.admin.options.delete_view,inventariado; execucao pendente
admin,admin/hub/officeprofile/<path:object_id>/change/,hub_officeprofile_change,django.contrib.admin.options.change_view,inventariado; execucao pendente
admin,admin/hub/officeprofile/<path:object_id>/,,django.views.generic.base.view,inventariado; execucao pendente
admin,admin/hub/productmodule/,hub_productmodule_changelist,django.contrib.admin.options.changelist_view,inventariado; execucao pendente
admin,admin/hub/productmodule/add/,hub_productmodule_add,django.contrib.admin.options.add_view,inventariado; execucao pendente
admin,admin/hub/productmodule/<path:object_id>/history/,hub_productmodule_history,django.contrib.admin.options.history_view,inventariado; execucao pendente
admin,admin/hub/productmodule/<path:object_id>/delete/,hub_productmodule_delete,django.contrib.admin.options.delete_view,inventariado; execucao pendente
admin,admin/hub/productmodule/<path:object_id>/change/,hub_productmodule_change,django.contrib.admin.options.change_view,inventariado; execucao pendente
admin,admin/hub/productmodule/<path:object_id>/,,django.views.generic.base.view,inventariado; execucao pendente
admin,admin/hub/usageallowance/,hub_usageallowance_changelist,django.contrib.admin.options.changelist_view,inventariado; execucao pendente
admin,admin/hub/usageallowance/add/,hub_usageallowance_add,django.contrib.admin.options.add_view,inventariado; execucao pendente
admin,admin/hub/usageallowance/<path:object_id>/history/,hub_usageallowance_history,django.contrib.admin.options.history_view,inventariado; execucao pendente
admin,admin/hub/usageallowance/<path:object_id>/delete/,hub_usageallowance_delete,django.contrib.admin.options.delete_view,inventariado; execucao pendente
admin,admin/hub/usageallowance/<path:object_id>/change/,hub_usageallowance_change,django.contrib.admin.options.change_view,inventariado; execucao pendente
admin,admin/hub/usageallowance/<path:object_id>/,,django.views.generic.base.view,inventariado; execucao pendente
admin,admin/hub/clientcompany/,hub_clientcompany_changelist,django.contrib.admin.options.changelist_view,inventariado; execucao pendente
admin,admin/hub/clientcompany/add/,hub_clientcompany_add,django.contrib.admin.options.add_view,inventariado; execucao pendente
admin,admin/hub/clientcompany/<path:object_id>/history/,hub_clientcompany_history,django.contrib.admin.options.history_view,inventariado; execucao pendente
admin,admin/hub/clientcompany/<path:object_id>/delete/,hub_clientcompany_delete,django.contrib.admin.options.delete_view,inventariado; execucao pendente
admin,admin/hub/clientcompany/<path:object_id>/change/,hub_clientcompany_change,django.contrib.admin.options.change_view,inventariado; execucao pendente
admin,admin/hub/clientcompany/<path:object_id>/,,django.views.generic.base.view,inventariado; execucao pendente
admin,admin/hub/certificate/,hub_certificate_changelist,django.contrib.admin.options.changelist_view,inventariado; execucao pendente
admin,admin/hub/certificate/add/,hub_certificate_add,django.contrib.admin.options.add_view,inventariado; execucao pendente
admin,admin/hub/certificate/<path:object_id>/history/,hub_certificate_history,django.contrib.admin.options.history_view,inventariado; execucao pendente
admin,admin/hub/certificate/<path:object_id>/delete/,hub_certificate_delete,django.contrib.admin.options.delete_view,inventariado; execucao pendente
admin,admin/hub/certificate/<path:object_id>/change/,hub_certificate_change,django.contrib.admin.options.change_view,inventariado; execucao pendente
admin,admin/hub/certificate/<path:object_id>/,,django.views.generic.base.view,inventariado; execucao pendente
admin,admin/hub/nfsesync/,hub_nfsesync_changelist,django.contrib.admin.options.changelist_view,inventariado; execucao pendente
admin,admin/hub/nfsesync/add/,hub_nfsesync_add,django.contrib.admin.options.add_view,inventariado; execucao pendente
admin,admin/hub/nfsesync/<path:object_id>/history/,hub_nfsesync_history,django.contrib.admin.options.history_view,inventariado; execucao pendente
admin,admin/hub/nfsesync/<path:object_id>/delete/,hub_nfsesync_delete,django.contrib.admin.options.delete_view,inventariado; execucao pendente
admin,admin/hub/nfsesync/<path:object_id>/change/,hub_nfsesync_change,django.contrib.admin.options.change_view,inventariado; execucao pendente
admin,admin/hub/nfsesync/<path:object_id>/,,django.views.generic.base.view,inventariado; execucao pendente
admin,admin/hub/accumulatorrule/,hub_accumulatorrule_changelist,django.contrib.admin.options.changelist_view,inventariado; execucao pendente
admin,admin/hub/accumulatorrule/add/,hub_accumulatorrule_add,django.contrib.admin.options.add_view,inventariado; execucao pendente
admin,admin/hub/accumulatorrule/<path:object_id>/history/,hub_accumulatorrule_history,django.contrib.admin.options.history_view,inventariado; execucao pendente
admin,admin/hub/accumulatorrule/<path:object_id>/delete/,hub_accumulatorrule_delete,django.contrib.admin.options.delete_view,inventariado; execucao pendente
admin,admin/hub/accumulatorrule/<path:object_id>/change/,hub_accumulatorrule_change,django.contrib.admin.options.change_view,inventariado; execucao pendente
admin,admin/hub/accumulatorrule/<path:object_id>/,,django.views.generic.base.view,inventariado; execucao pendente
admin,admin/hub/accumulatorobservation/,hub_accumulatorobservation_changelist,django.contrib.admin.options.changelist_view,inventariado; execucao pendente
admin,admin/hub/accumulatorobservation/add/,hub_accumulatorobservation_add,django.contrib.admin.options.add_view,inventariado; execucao pendente
admin,admin/hub/accumulatorobservation/<path:object_id>/history/,hub_accumulatorobservation_history,django.contrib.admin.options.history_view,inventariado; execucao pendente
admin,admin/hub/accumulatorobservation/<path:object_id>/delete/,hub_accumulatorobservation_delete,django.contrib.admin.options.delete_view,inventariado; execucao pendente
admin,admin/hub/accumulatorobservation/<path:object_id>/change/,hub_accumulatorobservation_change,django.contrib.admin.options.change_view,inventariado; execucao pendente
admin,admin/hub/accumulatorobservation/<path:object_id>/,,django.views.generic.base.view,inventariado; execucao pendente
admin,admin/hub/reviewcase/,hub_reviewcase_changelist,django.contrib.admin.options.changelist_view,inventariado; execucao pendente
admin,admin/hub/reviewcase/add/,hub_reviewcase_add,django.contrib.admin.options.add_view,inventariado; execucao pendente
admin,admin/hub/reviewcase/<path:object_id>/history/,hub_reviewcase_history,django.contrib.admin.options.history_view,inventariado; execucao pendente
admin,admin/hub/reviewcase/<path:object_id>/delete/,hub_reviewcase_delete,django.contrib.admin.options.delete_view,inventariado; execucao pendente
admin,admin/hub/reviewcase/<path:object_id>/change/,hub_reviewcase_change,django.contrib.admin.options.change_view,inventariado; execucao pendente
admin,admin/hub/reviewcase/<path:object_id>/,,django.views.generic.base.view,inventariado; execucao pendente
admin,admin/hub/connector/,hub_connector_changelist,django.contrib.admin.options.changelist_view,inventariado; execucao pendente
admin,admin/hub/connector/add/,hub_connector_add,django.contrib.admin.options.add_view,inventariado; execucao pendente
admin,admin/hub/connector/<path:object_id>/history/,hub_connector_history,django.contrib.admin.options.history_view,inventariado; execucao pendente
admin,admin/hub/connector/<path:object_id>/delete/,hub_connector_delete,django.contrib.admin.options.delete_view,inventariado; execucao pendente
admin,admin/hub/connector/<path:object_id>/change/,hub_connector_change,django.contrib.admin.options.change_view,inventariado; execucao pendente
admin,admin/hub/connector/<path:object_id>/,,django.views.generic.base.view,inventariado; execucao pendente
admin,admin/hub/consumptionconfirmation/,hub_consumptionconfirmation_changelist,django.contrib.admin.options.changelist_view,inventariado; execucao pendente
admin,admin/hub/consumptionconfirmation/add/,hub_consumptionconfirmation_add,django.contrib.admin.options.add_view,inventariado; execucao pendente
admin,admin/hub/consumptionconfirmation/<path:object_id>/history/,hub_consumptionconfirmation_history,django.contrib.admin.options.history_view,inventariado; execucao pendente
admin,admin/hub/consumptionconfirmation/<path:object_id>/delete/,hub_consumptionconfirmation_delete,django.contrib.admin.options.delete_view,inventariado; execucao pendente
admin,admin/hub/consumptionconfirmation/<path:object_id>/change/,hub_consumptionconfirmation_change,django.contrib.admin.options.change_view,inventariado; execucao pendente
admin,admin/hub/consumptionconfirmation/<path:object_id>/,,django.views.generic.base.view,inventariado; execucao pendente
admin,admin/hub/dterun/,hub_dterun_changelist,django.contrib.admin.options.changelist_view,inventariado; execucao pendente
admin,admin/hub/dterun/add/,hub_dterun_add,django.contrib.admin.options.add_view,inventariado; execucao pendente
admin,admin/hub/dterun/<path:object_id>/history/,hub_dterun_history,django.contrib.admin.options.history_view,inventariado; execucao pendente
admin,admin/hub/dterun/<path:object_id>/delete/,hub_dterun_delete,django.contrib.admin.options.delete_view,inventariado; execucao pendente
admin,admin/hub/dterun/<path:object_id>/change/,hub_dterun_change,django.contrib.admin.options.change_view,inventariado; execucao pendente
admin,admin/hub/dterun/<path:object_id>/,,django.views.generic.base.view,inventariado; execucao pendente
admin,admin/hub/dterunitem/,hub_dterunitem_changelist,django.contrib.admin.options.changelist_view,inventariado; execucao pendente
admin,admin/hub/dterunitem/add/,hub_dterunitem_add,django.contrib.admin.options.add_view,inventariado; execucao pendente
admin,admin/hub/dterunitem/<path:object_id>/history/,hub_dterunitem_history,django.contrib.admin.options.history_view,inventariado; execucao pendente
admin,admin/hub/dterunitem/<path:object_id>/delete/,hub_dterunitem_delete,django.contrib.admin.options.delete_view,inventariado; execucao pendente
admin,admin/hub/dterunitem/<path:object_id>/change/,hub_dterunitem_change,django.contrib.admin.options.change_view,inventariado; execucao pendente
admin,admin/hub/dterunitem/<path:object_id>/,,django.views.generic.base.view,inventariado; execucao pendente
admin,admin/hub/operationaltask/,hub_operationaltask_changelist,django.contrib.admin.options.changelist_view,inventariado; execucao pendente
admin,admin/hub/operationaltask/add/,hub_operationaltask_add,django.contrib.admin.options.add_view,inventariado; execucao pendente
admin,admin/hub/operationaltask/<path:object_id>/history/,hub_operationaltask_history,django.contrib.admin.options.history_view,inventariado; execucao pendente
admin,admin/hub/operationaltask/<path:object_id>/delete/,hub_operationaltask_delete,django.contrib.admin.options.delete_view,inventariado; execucao pendente
admin,admin/hub/operationaltask/<path:object_id>/change/,hub_operationaltask_change,django.contrib.admin.options.change_view,inventariado; execucao pendente
admin,admin/hub/operationaltask/<path:object_id>/,,django.views.generic.base.view,inventariado; execucao pendente
admin,admin/hub/nfsedocument/,hub_nfsedocument_changelist,django.contrib.admin.options.changelist_view,inventariado; execucao pendente
admin,admin/hub/nfsedocument/add/,hub_nfsedocument_add,django.contrib.admin.options.add_view,inventariado; execucao pendente
admin,admin/hub/nfsedocument/<path:object_id>/history/,hub_nfsedocument_history,django.contrib.admin.options.history_view,inventariado; execucao pendente
admin,admin/hub/nfsedocument/<path:object_id>/delete/,hub_nfsedocument_delete,django.contrib.admin.options.delete_view,inventariado; execucao pendente
admin,admin/hub/nfsedocument/<path:object_id>/change/,hub_nfsedocument_change,django.contrib.admin.options.change_view,inventariado; execucao pendente
admin,admin/hub/nfsedocument/<path:object_id>/,,django.views.generic.base.view,inventariado; execucao pendente
admin,admin/hub/integrationartifact/,hub_integrationartifact_changelist,django.contrib.admin.options.changelist_view,inventariado; execucao pendente
admin,admin/hub/integrationartifact/add/,hub_integrationartifact_add,django.contrib.admin.options.add_view,inventariado; execucao pendente
admin,admin/hub/integrationartifact/<path:object_id>/history/,hub_integrationartifact_history,django.contrib.admin.options.history_view,inventariado; execucao pendente
admin,admin/hub/integrationartifact/<path:object_id>/delete/,hub_integrationartifact_delete,django.contrib.admin.options.delete_view,inventariado; execucao pendente
admin,admin/hub/integrationartifact/<path:object_id>/change/,hub_integrationartifact_change,django.contrib.admin.options.change_view,inventariado; execucao pendente
admin,admin/hub/integrationartifact/<path:object_id>/,,django.views.generic.base.view,inventariado; execucao pendente
admin,admin/hub/dtemessage/,hub_dtemessage_changelist,django.contrib.admin.options.changelist_view,inventariado; execucao pendente
admin,admin/hub/dtemessage/add/,hub_dtemessage_add,django.contrib.admin.options.add_view,inventariado; execucao pendente
admin,admin/hub/dtemessage/<path:object_id>/history/,hub_dtemessage_history,django.contrib.admin.options.history_view,inventariado; execucao pendente
admin,admin/hub/dtemessage/<path:object_id>/delete/,hub_dtemessage_delete,django.contrib.admin.options.delete_view,inventariado; execucao pendente
admin,admin/hub/dtemessage/<path:object_id>/change/,hub_dtemessage_change,django.contrib.admin.options.change_view,inventariado; execucao pendente
admin,admin/hub/dtemessage/<path:object_id>/,,django.views.generic.base.view,inventariado; execucao pendente
admin,admin/^(?P<app_label>auth|axes|accounts|organizations|audit|privacy|hub)/$,app_list,django.contrib.admin.sites.app_index,inventariado; execucao pendente
admin,admin/(?P<url>.*)$,,django.contrib.admin.sites.catch_all_view,inventariado; execucao pendente
